Country_code;ISO_3_Code;Country_Name
AL;ALB;Albania
AT;AUT;Austria
BA;BIH;Bosnia and Herzegovina
BE;BEL;Belgium
BG;BGR;Bulgaria
CH;CHE;Switzerland
CY;CYP;Cyprus
CZ;CZE;Czechia
DE;DEU;Germany
DK;DNK;Denmark
EE;EST;Estonia
EL;GRC;Greece
ES;ESP;Spain
FI;FIN;Finland
FR;FRA;France
HR;HRV;Croatia
HU;HUN;Hungary
IE;IRL;Ireland
IS;ISL;Iceland
IT;ITA;Italy
LT;LTU;Lithuania
LU;LUX;Luxembourg
LV;LVA;Latvia
ME;MNE;Montenegro
MK;MKD;Republic of North Macadonia
MT;MLT;Malta
NL;NLD;The Netherlands
NO;NOR;Norway
PL;POL;Poland
PT;PRT;Portugal
RO;ROU;Romania
RS;SRB;Serbia
SE;SWE;Sweden
SI;SVN;Slovenia
SK;SVK;Slovakia
TR;TUR;Turkey
UK;GBR;United Kingdom 
XK;XXK;Kosovo
;;
;;
;;
;;
;;
;;
;;
;;
;;
;;
;;
;;
;;
;;
;;
;;
;;
;;
;;
;;
;;
;;
;;
;;
;;
;;
;;
;;
;;
;;
;;
;;
;;
;;
;;
;;
;;
;;
;;
;;
;;
;;
;;
;;
;;
;;
;;
;;
;;
;;
;;
;;
;;
;;
;;
;;
;;
;;
;;
;;
;;
;;
;;
;;
;;
;;
;;
;;
;;
;;
;;
;;
;;
;;
;;
;;
;;
;;
;;
;;
;;
;;
;;
;;
;;
;;
;;
;;
;;
;;
;;
;;
;;
;;
;;
;;
;;
;;
;;
;;
;;
;;
;;
;;
;;
;;
;;
;;
;;
;;
;;
;;
;;
;;
;;
;;
;;
;;
;;
;;
;;
;;
;;
;;
;;
;;
;;
;;
;;
;;
;;
;;
;;
;;
;;
;;
;;
;;
;;
;;
;;
;;
;;
;;
;;
;;
;;
;;
;;
;;
;;
;;
;;
;;
;;
;;
;;
;;
;;
;;
;;
;;
;;
;;
;;
;;
;;
;;
;;
;;
;;
;;
;;
;;
;;
;;
;;
;;
;;
;;
;;
;;
;;
;;
;;
;;
;;
;;
;;
;;
;;
;;
;;
;;
;;
;;
;;
;;
;;
;;
;;
;;
;;
;;
;;
;;
;;
;;
;;
;;
;;
;;
;;
;;
;;
;;
;;
;;
;;
;;
;;
;;
;;
;;
;;
;;
;;
;;
;;
;;
;;
;;
;;
;;
;;
;;
;;
;;
;;
;;
;;
;;
;;
;;
;;
;;
;;
;;
;;
;;
;;
;;
;;
;;
;;
;;
;;
;;
;;
;;
;;
;;
;;
;;
;;
;;
;;
;;
;;
;;
;;
;;
;;
;;
;;
;;
;;
;;
;;
;;
;;
;;
;;
;;
;;
;;
;;
;;
;;
;;
;;
;;
;;
;;
;;
;;
;;
;;
;;
;;
;;
;;
;;
;;
;;
;;
;;
;;
;;
;;
;;
;;
;;
;;
;;
;;
;;
;;
;;
;;
;;
;;
;;
;;
;;
;;
;;
;;
;;
;;
;;
;;
;;
;;
;;
;;
;;
;;
;;
;;
;;
;;
;;
;;
;;
;;
;;
;;
;;
;;
;;
;;
;;
;;
;;
;;
;;
;;